scenario_name,scenario_id,solution_type,uav_name,sortie_index,step,node_id,x,y,is_key,is_depot
MHB_M,mechanism_50_4_multi_hotspot_boundary_id04,cost_prioritized,uav_2,1,0,0,900.0,900.0,False,True
MHB_M,mechanism_50_4_multi_hotspot_boundary_id04,cost_prioritized,uav_2,1,1,47,1002.5952466458549,808.201718296212,True,False
MHB_M,mechanism_50_4_multi_hotspot_boundary_id04,cost_prioritized,uav_2,1,2,38,769.1859173973152,560.0761716955004,True,False
MHB_M,mechanism_50_4_multi_hotspot_boundary_id04,cost_prioritized,uav_2,1,3,42,868.4802144684005,498.48448624325005,False,False
MHB_M,mechanism_50_4_multi_hotspot_boundary_id04,cost_prioritized,uav_2,1,4,35,794.4957561024969,505.5829229257529,False,False
MHB_M,mechanism_50_4_multi_hotspot_boundary_id04,cost_prioritized,uav_2,1,5,36,900.6632384651133,440.6469465860443,False,False
MHB_M,mechanism_50_4_multi_hotspot_boundary_id04,cost_prioritized,uav_2,1,6,37,784.0981648464003,346.2882838455325,True,False
MHB_M,mechanism_50_4_multi_hotspot_boundary_id04,cost_prioritized,uav_2,1,7,34,638.7118988766566,591.7620354876037,True,False
MHB_M,mechanism_50_4_multi_hotspot_boundary_id04,cost_prioritized,uav_2,1,8,32,723.5984983095079,618.1096734684103,False,False
MHB_M,mechanism_50_4_multi_hotspot_boundary_id04,cost_prioritized,uav_2,1,9,44,769.904757483404,642.5078316477795,False,False
MHB_M,mechanism_50_4_multi_hotspot_boundary_id04,cost_prioritized,uav_2,1,10,43,592.9702882873563,724.7685158895465,False,False
MHB_M,mechanism_50_4_multi_hotspot_boundary_id04,cost_prioritized,uav_2,1,11,33,363.4637686779328,624.6122688530543,False,False
MHB_M,mechanism_50_4_multi_hotspot_boundary_id04,cost_prioritized,uav_2,1,12,40,810.3069319747664,259.8439929232238,False,False
MHB_M,mechanism_50_4_multi_hotspot_boundary_id04,cost_prioritized,uav_2,1,13,41,797.8251544120925,566.3941381148018,False,False
MHB_M,mechanism_50_4_multi_hotspot_boundary_id04,cost_prioritized,uav_2,1,14,39,836.5893367328739,712.9842762603334,False,False
MHB_M,mechanism_50_4_multi_hotspot_boundary_id04,cost_prioritized,uav_2,1,15,0,900.0,900.0,False,True
MHB_M,mechanism_50_4_multi_hotspot_boundary_id04,cost_prioritized,uav_3,1,0,0,900.0,900.0,False,True
MHB_M,mechanism_50_4_multi_hotspot_boundary_id04,cost_prioritized,uav_3,1,1,45,1196.3950271261817,823.8410168309472,True,False
MHB_M,mechanism_50_4_multi_hotspot_boundary_id04,cost_prioritized,uav_3,1,2,8,1397.276452994351,772.3556432942769,True,False
MHB_M,mechanism_50_4_multi_hotspot_boundary_id04,cost_prioritized,uav_3,1,3,13,1384.1593451023757,934.6007607578123,False,False
MHB_M,mechanism_50_4_multi_hotspot_boundary_id04,cost_prioritized,uav_3,1,4,7,1446.1931595284316,845.0360933919435,False,False
MHB_M,mechanism_50_4_multi_hotspot_boundary_id04,cost_prioritized,uav_3,1,5,4,1338.1832034881033,776.335405629399,True,False
MHB_M,mechanism_50_4_multi_hotspot_boundary_id04,cost_prioritized,uav_3,1,6,11,1362.7162511711717,931.9663162946174,False,False
MHB_M,mechanism_50_4_multi_hotspot_boundary_id04,cost_prioritized,uav_3,1,7,2,1421.2178733349072,913.0571141264852,False,False
MHB_M,mechanism_50_4_multi_hotspot_boundary_id04,cost_prioritized,uav_3,1,8,1,1486.1517587264354,940.6511463322308,False,False
MHB_M,mechanism_50_4_multi_hotspot_boundary_id04,cost_prioritized,uav_3,1,9,9,1524.599077348726,888.239515051292,False,False
MHB_M,mechanism_50_4_multi_hotspot_boundary_id04,cost_prioritized,uav_3,1,10,5,1532.1329030660822,918.94027249297,False,False
MHB_M,mechanism_50_4_multi_hotspot_boundary_id04,cost_prioritized,uav_3,1,11,6,1553.612896640797,925.0742550937832,False,False
MHB_M,mechanism_50_4_multi_hotspot_boundary_id04,cost_prioritized,uav_3,1,12,12,1615.2005888210676,932.9745802800874,False,False
MHB_M,mechanism_50_4_multi_hotspot_boundary_id04,cost_prioritized,uav_3,1,13,14,1501.759477945836,1033.6081810733397,False,False
MHB_M,mechanism_50_4_multi_hotspot_boundary_id04,cost_prioritized,uav_3,1,14,3,1419.1750052774232,1140.6517127112452,True,False
MHB_M,mechanism_50_4_multi_hotspot_boundary_id04,cost_prioritized,uav_3,1,15,49,1152.7962586932251,771.9853439786091,False,False
MHB_M,mechanism_50_4_multi_hotspot_boundary_id04,cost_prioritized,uav_3,1,16,10,1167.2628726011133,884.5604833125386,False,False
MHB_M,mechanism_50_4_multi_hotspot_boundary_id04,cost_prioritized,uav_3,1,17,50,1072.219512352847,1125.815942667458,False,False
MHB_M,mechanism_50_4_multi_hotspot_boundary_id04,cost_prioritized,uav_3,1,18,15,1235.3871558780843,1037.9497029792788,False,False
MHB_M,mechanism_50_4_multi_hotspot_boundary_id04,cost_prioritized,uav_3,1,19,16,1318.7473671935243,1063.7542933363327,False,False
MHB_M,mechanism_50_4_multi_hotspot_boundary_id04,cost_prioritized,uav_3,1,20,0,900.0,900.0,False,True
MHB_M,mechanism_50_4_multi_hotspot_boundary_id04,cost_prioritized,uav_4,1,0,0,900.0,900.0,False,True
MHB_M,mechanism_50_4_multi_hotspot_boundary_id04,cost_prioritized,uav_4,1,1,18,826.9796996250997,1265.7707876231493,False,False
MHB_M,mechanism_50_4_multi_hotspot_boundary_id04,cost_prioritized,uav_4,1,2,19,745.7662851175909,1368.4301209614168,True,False
MHB_M,mechanism_50_4_multi_hotspot_boundary_id04,cost_prioritized,uav_4,1,3,29,650.949767284838,1303.0682406577316,False,False
MHB_M,mechanism_50_4_multi_hotspot_boundary_id04,cost_prioritized,uav_4,1,4,17,683.9478273964222,1339.1583335439536,False,False
MHB_M,mechanism_50_4_multi_hotspot_boundary_id04,cost_prioritized,uav_4,1,5,22,756.4259463426968,1423.8141747016605,False,False
MHB_M,mechanism_50_4_multi_hotspot_boundary_id04,cost_prioritized,uav_4,1,6,31,559.5342382579827,1349.650630623533,False,False
MHB_M,mechanism_50_4_multi_hotspot_boundary_id04,cost_prioritized,uav_4,1,7,20,489.24890999002736,1397.5815889621379,False,False
MHB_M,mechanism_50_4_multi_hotspot_boundary_id04,cost_prioritized,uav_4,1,8,26,423.7623162572689,1409.9477610464292,False,False
MHB_M,mechanism_50_4_multi_hotspot_boundary_id04,cost_prioritized,uav_4,1,9,23,450.4512898931823,1523.9596603113077,False,False
MHB_M,mechanism_50_4_multi_hotspot_boundary_id04,cost_prioritized,uav_4,1,10,27,529.5908313962204,1552.708661549952,False,False
MHB_M,mechanism_50_4_multi_hotspot_boundary_id04,cost_prioritized,uav_4,1,11,30,613.9900707531104,1462.5422006296055,False,False
MHB_M,mechanism_50_4_multi_hotspot_boundary_id04,cost_prioritized,uav_4,1,12,21,475.8703324734075,1398.2937384724148,False,False
MHB_M,mechanism_50_4_multi_hotspot_boundary_id04,cost_prioritized,uav_4,1,13,25,448.6794554212021,1351.5549146633261,False,False
MHB_M,mechanism_50_4_multi_hotspot_boundary_id04,cost_prioritized,uav_4,1,14,24,529.0168259538846,1287.5804724353675,False,False
MHB_M,mechanism_50_4_multi_hotspot_boundary_id04,cost_prioritized,uav_4,1,15,28,567.3252942718239,1052.4177383960969,False,False
MHB_M,mechanism_50_4_multi_hotspot_boundary_id04,cost_prioritized,uav_4,1,16,46,675.0434718685004,970.9611980981214,False,False
MHB_M,mechanism_50_4_multi_hotspot_boundary_id04,cost_prioritized,uav_4,1,17,48,666.566260739618,1021.2160621140515,True,False
MHB_M,mechanism_50_4_multi_hotspot_boundary_id04,cost_prioritized,uav_4,1,18,0,900.0,900.0,False,True
MHB_M,mechanism_50_4_multi_hotspot_boundary_id04,quality_prioritized,uav_1,1,0,0,900.0,900.0,False,True
MHB_M,mechanism_50_4_multi_hotspot_boundary_id04,quality_prioritized,uav_1,1,1,49,1152.7962586932251,771.9853439786091,False,False
MHB_M,mechanism_50_4_multi_hotspot_boundary_id04,quality_prioritized,uav_1,1,2,4,1338.1832034881033,776.335405629399,True,False
MHB_M,mechanism_50_4_multi_hotspot_boundary_id04,quality_prioritized,uav_1,1,3,3,1419.1750052774232,1140.6517127112452,True,False
MHB_M,mechanism_50_4_multi_hotspot_boundary_id04,quality_prioritized,uav_1,1,4,5,1532.1329030660822,918.94027249297,False,False
MHB_M,mechanism_50_4_multi_hotspot_boundary_id04,quality_prioritized,uav_1,1,5,6,1553.612896640797,925.0742550937832,False,False
MHB_M,mechanism_50_4_multi_hotspot_boundary_id04,quality_prioritized,uav_1,1,6,14,1501.759477945836,1033.6081810733397,False,False
MHB_M,mechanism_50_4_multi_hotspot_boundary_id04,quality_prioritized,uav_1,1,7,12,1615.2005888210676,932.9745802800874,False,False
MHB_M,mechanism_50_4_multi_hotspot_boundary_id04,quality_prioritized,uav_1,1,8,47,1002.5952466458549,808.201718296212,True,False
MHB_M,mechanism_50_4_multi_hotspot_boundary_id04,quality_prioritized,uav_1,1,9,0,900.0,900.0,False,True
MHB_M,mechanism_50_4_multi_hotspot_boundary_id04,quality_prioritized,uav_2,1,0,0,900.0,900.0,False,True
MHB_M,mechanism_50_4_multi_hotspot_boundary_id04,quality_prioritized,uav_2,1,1,26,423.7623162572689,1409.9477610464292,False,False
MHB_M,mechanism_50_4_multi_hotspot_boundary_id04,quality_prioritized,uav_2,1,2,20,489.24890999002736,1397.5815889621379,False,False
MHB_M,mechanism_50_4_multi_hotspot_boundary_id04,quality_prioritized,uav_2,1,3,23,450.4512898931823,1523.9596603113077,False,False
MHB_M,mechanism_50_4_multi_hotspot_boundary_id04,quality_prioritized,uav_2,1,4,27,529.5908313962204,1552.708661549952,False,False
MHB_M,mechanism_50_4_multi_hotspot_boundary_id04,quality_prioritized,uav_2,1,5,22,756.4259463426968,1423.8141747016605,False,False
MHB_M,mechanism_50_4_multi_hotspot_boundary_id04,quality_prioritized,uav_2,1,6,18,826.9796996250997,1265.7707876231493,False,False
MHB_M,mechanism_50_4_multi_hotspot_boundary_id04,quality_prioritized,uav_2,1,7,19,745.7662851175909,1368.4301209614168,True,False
MHB_M,mechanism_50_4_multi_hotspot_boundary_id04,quality_prioritized,uav_2,1,8,17,683.9478273964222,1339.1583335439536,False,False
MHB_M,mechanism_50_4_multi_hotspot_boundary_id04,quality_prioritized,uav_2,1,9,24,529.0168259538846,1287.5804724353675,False,False
MHB_M,mechanism_50_4_multi_hotspot_boundary_id04,quality_prioritized,uav_2,1,10,25,448.6794554212021,1351.5549146633261,False,False
MHB_M,mechanism_50_4_multi_hotspot_boundary_id04,quality_prioritized,uav_2,1,11,21,475.8703324734075,1398.2937384724148,False,False
MHB_M,mechanism_50_4_multi_hotspot_boundary_id04,quality_prioritized,uav_2,1,12,28,567.3252942718239,1052.4177383960969,False,False
MHB_M,mechanism_50_4_multi_hotspot_boundary_id04,quality_prioritized,uav_2,1,13,48,666.566260739618,1021.2160621140515,True,False
MHB_M,mechanism_50_4_multi_hotspot_boundary_id04,quality_prioritized,uav_2,1,14,46,675.0434718685004,970.9611980981214,False,False
MHB_M,mechanism_50_4_multi_hotspot_boundary_id04,quality_prioritized,uav_2,1,15,31,559.5342382579827,1349.650630623533,False,False
MHB_M,mechanism_50_4_multi_hotspot_boundary_id04,quality_prioritized,uav_2,1,16,29,650.949767284838,1303.0682406577316,False,False
MHB_M,mechanism_50_4_multi_hotspot_boundary_id04,quality_prioritized,uav_2,1,17,0,900.0,900.0,False,True
MHB_M,mechanism_50_4_multi_hotspot_boundary_id04,quality_prioritized,uav_3,1,0,0,900.0,900.0,False,True
MHB_M,mechanism_50_4_multi_hotspot_boundary_id04,quality_prioritized,uav_3,1,1,9,1524.599077348726,888.239515051292,False,False
MHB_M,mechanism_50_4_multi_hotspot_boundary_id04,quality_prioritized,uav_3,1,2,7,1446.1931595284316,845.0360933919435,False,False
MHB_M,mechanism_50_4_multi_hotspot_boundary_id04,quality_prioritized,uav_3,1,3,50,1072.219512352847,1125.815942667458,False,False
MHB_M,mechanism_50_4_multi_hotspot_boundary_id04,quality_prioritized,uav_3,1,4,15,1235.3871558780843,1037.9497029792788,False,False
MHB_M,mechanism_50_4_multi_hotspot_boundary_id04,quality_prioritized,uav_3,1,5,16,1318.7473671935243,1063.7542933363327,False,False
MHB_M,mechanism_50_4_multi_hotspot_boundary_id04,quality_prioritized,uav_3,1,6,13,1384.1593451023757,934.6007607578123,False,False
MHB_M,mechanism_50_4_multi_hotspot_boundary_id04,quality_prioritized,uav_3,1,7,11,1362.7162511711717,931.9663162946174,False,False
MHB_M,mechanism_50_4_multi_hotspot_boundary_id04,quality_prioritized,uav_3,1,8,2,1421.2178733349072,913.0571141264852,False,False
MHB_M,mechanism_50_4_multi_hotspot_boundary_id04,quality_prioritized,uav_3,1,9,1,1486.1517587264354,940.6511463322308,False,False
MHB_M,mechanism_50_4_multi_hotspot_boundary_id04,quality_prioritized,uav_3,1,10,45,1196.3950271261817,823.8410168309472,True,False
MHB_M,mechanism_50_4_multi_hotspot_boundary_id04,quality_prioritized,uav_3,1,11,8,1397.276452994351,772.3556432942769,True,False
MHB_M,mechanism_50_4_multi_hotspot_boundary_id04,quality_prioritized,uav_3,1,12,10,1167.2628726011133,884.5604833125386,False,False
MHB_M,mechanism_50_4_multi_hotspot_boundary_id04,quality_prioritized,uav_3,1,13,0,900.0,900.0,False,True
MHB_M,mechanism_50_4_multi_hotspot_boundary_id04,quality_prioritized,uav_4,1,0,0,900.0,900.0,False,True
MHB_M,mechanism_50_4_multi_hotspot_boundary_id04,quality_prioritized,uav_4,1,1,39,836.5893367328739,712.9842762603334,False,False
MHB_M,mechanism_50_4_multi_hotspot_boundary_id04,quality_prioritized,uav_4,1,2,30,613.9900707531104,1462.5422006296055,False,False
MHB_M,mechanism_50_4_multi_hotspot_boundary_id04,quality_prioritized,uav_4,1,3,36,900.6632384651133,440.6469465860443,False,False
MHB_M,mechanism_50_4_multi_hotspot_boundary_id04,quality_prioritized,uav_4,1,4,43,592.9702882873563,724.7685158895465,False,False
MHB_M,mechanism_50_4_multi_hotspot_boundary_id04,quality_prioritized,uav_4,1,5,33,363.4637686779328,624.6122688530543,False,False
MHB_M,mechanism_50_4_multi_hotspot_boundary_id04,quality_prioritized,uav_4,1,6,34,638.7118988766566,591.7620354876037,True,False
MHB_M,mechanism_50_4_multi_hotspot_boundary_id04,quality_prioritized,uav_4,1,7,32,723.5984983095079,618.1096734684103,False,False
MHB_M,mechanism_50_4_multi_hotspot_boundary_id04,quality_prioritized,uav_4,1,8,38,769.1859173973152,560.0761716955004,True,False
MHB_M,mechanism_50_4_multi_hotspot_boundary_id04,quality_prioritized,uav_4,1,9,41,797.8251544120925,566.3941381148018,False,False
MHB_M,mechanism_50_4_multi_hotspot_boundary_id04,quality_prioritized,uav_4,1,10,35,794.4957561024969,505.5829229257529,False,False
MHB_M,mechanism_50_4_multi_hotspot_boundary_id04,quality_prioritized,uav_4,1,11,44,769.904757483404,642.5078316477795,False,False
MHB_M,mechanism_50_4_multi_hotspot_boundary_id04,quality_prioritized,uav_4,1,12,0,900.0,900.0,False,True
MHB_M,mechanism_50_4_multi_hotspot_boundary_id04,quality_prioritized,uav_4,2,0,0,900.0,900.0,False,True
MHB_M,mechanism_50_4_multi_hotspot_boundary_id04,quality_prioritized,uav_4,2,1,42,868.4802144684005,498.48448624325005,False,False
MHB_M,mechanism_50_4_multi_hotspot_boundary_id04,quality_prioritized,uav_4,2,2,37,784.0981648464003,346.2882838455325,True,False
MHB_M,mechanism_50_4_multi_hotspot_boundary_id04,quality_prioritized,uav_4,2,3,40,810.3069319747664,259.8439929232238,False,False
MHB_M,mechanism_50_4_multi_hotspot_boundary_id04,quality_prioritized,uav_4,2,4,0,900.0,900.0,False,True
MHB_M,mechanism_50_4_multi_hotspot_boundary_id04,balanced,uav_1,1,0,0,900.0,900.0,False,True
MHB_M,mechanism_50_4_multi_hotspot_boundary_id04,balanced,uav_1,1,1,30,613.9900707531104,1462.5422006296055,False,False
MHB_M,mechanism_50_4_multi_hotspot_boundary_id04,balanced,uav_1,1,2,20,489.24890999002736,1397.5815889621379,False,False
MHB_M,mechanism_50_4_multi_hotspot_boundary_id04,balanced,uav_1,1,3,26,423.7623162572689,1409.9477610464292,False,False
MHB_M,mechanism_50_4_multi_hotspot_boundary_id04,balanced,uav_1,1,4,23,450.4512898931823,1523.9596603113077,False,False
MHB_M,mechanism_50_4_multi_hotspot_boundary_id04,balanced,uav_1,1,5,27,529.5908313962204,1552.708661549952,False,False
MHB_M,mechanism_50_4_multi_hotspot_boundary_id04,balanced,uav_1,1,6,21,475.8703324734075,1398.2937384724148,False,False
MHB_M,mechanism_50_4_multi_hotspot_boundary_id04,balanced,uav_1,1,7,25,448.6794554212021,1351.5549146633261,False,False
MHB_M,mechanism_50_4_multi_hotspot_boundary_id04,balanced,uav_1,1,8,24,529.0168259538846,1287.5804724353675,False,False
MHB_M,mechanism_50_4_multi_hotspot_boundary_id04,balanced,uav_1,1,9,17,683.9478273964222,1339.1583335439536,False,False
MHB_M,mechanism_50_4_multi_hotspot_boundary_id04,balanced,uav_1,1,10,19,745.7662851175909,1368.4301209614168,True,False
MHB_M,mechanism_50_4_multi_hotspot_boundary_id04,balanced,uav_1,1,11,18,826.9796996250997,1265.7707876231493,False,False
MHB_M,mechanism_50_4_multi_hotspot_boundary_id04,balanced,uav_1,1,12,48,666.566260739618,1021.2160621140515,True,False
MHB_M,mechanism_50_4_multi_hotspot_boundary_id04,balanced,uav_1,1,13,46,675.0434718685004,970.9611980981214,False,False
MHB_M,mechanism_50_4_multi_hotspot_boundary_id04,balanced,uav_1,1,14,28,567.3252942718239,1052.4177383960969,False,False
MHB_M,mechanism_50_4_multi_hotspot_boundary_id04,balanced,uav_1,1,15,31,559.5342382579827,1349.650630623533,False,False
MHB_M,mechanism_50_4_multi_hotspot_boundary_id04,balanced,uav_1,1,16,22,756.4259463426968,1423.8141747016605,False,False
MHB_M,mechanism_50_4_multi_hotspot_boundary_id04,balanced,uav_1,1,17,29,650.949767284838,1303.0682406577316,False,False
MHB_M,mechanism_50_4_multi_hotspot_boundary_id04,balanced,uav_1,1,18,0,900.0,900.0,False,True
MHB_M,mechanism_50_4_multi_hotspot_boundary_id04,balanced,uav_2,1,0,0,900.0,900.0,False,True
MHB_M,mechanism_50_4_multi_hotspot_boundary_id04,balanced,uav_2,1,1,47,1002.5952466458549,808.201718296212,True,False
MHB_M,mechanism_50_4_multi_hotspot_boundary_id04,balanced,uav_2,1,2,41,797.8251544120925,566.3941381148018,False,False
MHB_M,mechanism_50_4_multi_hotspot_boundary_id04,balanced,uav_2,1,3,32,723.5984983095079,618.1096734684103,False,False
MHB_M,mechanism_50_4_multi_hotspot_boundary_id04,balanced,uav_2,1,4,44,769.904757483404,642.5078316477795,False,False
MHB_M,mechanism_50_4_multi_hotspot_boundary_id04,balanced,uav_2,1,5,35,794.4957561024969,505.5829229257529,False,False
MHB_M,mechanism_50_4_multi_hotspot_boundary_id04,balanced,uav_2,1,6,42,868.4802144684005,498.48448624325005,False,False
MHB_M,mechanism_50_4_multi_hotspot_boundary_id04,balanced,uav_2,1,7,37,784.0981648464003,346.2882838455325,True,False
MHB_M,mechanism_50_4_multi_hotspot_boundary_id04,balanced,uav_2,1,8,40,810.3069319747664,259.8439929232238,False,False
MHB_M,mechanism_50_4_multi_hotspot_boundary_id04,balanced,uav_2,1,9,36,900.6632384651133,440.6469465860443,False,False
MHB_M,mechanism_50_4_multi_hotspot_boundary_id04,balanced,uav_2,1,10,39,836.5893367328739,712.9842762603334,False,False
MHB_M,mechanism_50_4_multi_hotspot_boundary_id04,balanced,uav_2,1,11,38,769.1859173973152,560.0761716955004,True,False
MHB_M,mechanism_50_4_multi_hotspot_boundary_id04,balanced,uav_2,1,12,34,638.7118988766566,591.7620354876037,True,False
MHB_M,mechanism_50_4_multi_hotspot_boundary_id04,balanced,uav_2,1,13,43,592.9702882873563,724.7685158895465,False,False
MHB_M,mechanism_50_4_multi_hotspot_boundary_id04,balanced,uav_2,1,14,33,363.4637686779328,624.6122688530543,False,False
MHB_M,mechanism_50_4_multi_hotspot_boundary_id04,balanced,uav_2,1,15,0,900.0,900.0,False,True
MHB_M,mechanism_50_4_multi_hotspot_boundary_id04,balanced,uav_3,1,0,0,900.0,900.0,False,True
MHB_M,mechanism_50_4_multi_hotspot_boundary_id04,balanced,uav_3,1,1,49,1152.7962586932251,771.9853439786091,False,False
MHB_M,mechanism_50_4_multi_hotspot_boundary_id04,balanced,uav_3,1,2,4,1338.1832034881033,776.335405629399,True,False
MHB_M,mechanism_50_4_multi_hotspot_boundary_id04,balanced,uav_3,1,3,3,1419.1750052774232,1140.6517127112452,True,False
MHB_M,mechanism_50_4_multi_hotspot_boundary_id04,balanced,uav_3,1,4,12,1615.2005888210676,932.9745802800874,False,False
MHB_M,mechanism_50_4_multi_hotspot_boundary_id04,balanced,uav_3,1,5,14,1501.759477945836,1033.6081810733397,False,False
MHB_M,mechanism_50_4_multi_hotspot_boundary_id04,balanced,uav_3,1,6,45,1196.3950271261817,823.8410168309472,True,False
MHB_M,mechanism_50_4_multi_hotspot_boundary_id04,balanced,uav_3,1,7,0,900.0,900.0,False,True
MHB_M,mechanism_50_4_multi_hotspot_boundary_id04,balanced,uav_4,1,0,0,900.0,900.0,False,True
MHB_M,mechanism_50_4_multi_hotspot_boundary_id04,balanced,uav_4,1,1,50,1072.219512352847,1125.815942667458,False,False
MHB_M,mechanism_50_4_multi_hotspot_boundary_id04,balanced,uav_4,1,2,15,1235.3871558780843,1037.9497029792788,False,False
MHB_M,mechanism_50_4_multi_hotspot_boundary_id04,balanced,uav_4,1,3,16,1318.7473671935243,1063.7542933363327,False,False
MHB_M,mechanism_50_4_multi_hotspot_boundary_id04,balanced,uav_4,1,4,7,1446.1931595284316,845.0360933919435,False,False
MHB_M,mechanism_50_4_multi_hotspot_boundary_id04,balanced,uav_4,1,5,5,1532.1329030660822,918.94027249297,False,False
MHB_M,mechanism_50_4_multi_hotspot_boundary_id04,balanced,uav_4,1,6,6,1553.612896640797,925.0742550937832,False,False
MHB_M,mechanism_50_4_multi_hotspot_boundary_id04,balanced,uav_4,1,7,13,1384.1593451023757,934.6007607578123,False,False
MHB_M,mechanism_50_4_multi_hotspot_boundary_id04,balanced,uav_4,1,8,11,1362.7162511711717,931.9663162946174,False,False
MHB_M,mechanism_50_4_multi_hotspot_boundary_id04,balanced,uav_4,1,9,2,1421.2178733349072,913.0571141264852,False,False
MHB_M,mechanism_50_4_multi_hotspot_boundary_id04,balanced,uav_4,1,10,1,1486.1517587264354,940.6511463322308,False,False
MHB_M,mechanism_50_4_multi_hotspot_boundary_id04,balanced,uav_4,1,11,9,1524.599077348726,888.239515051292,False,False
MHB_M,mechanism_50_4_multi_hotspot_boundary_id04,balanced,uav_4,1,12,8,1397.276452994351,772.3556432942769,True,False
MHB_M,mechanism_50_4_multi_hotspot_boundary_id04,balanced,uav_4,1,13,10,1167.2628726011133,884.5604833125386,False,False
MHB_M,mechanism_50_4_multi_hotspot_boundary_id04,balanced,uav_4,1,14,0,900.0,900.0,False,True
RH_M,mechanism_50_4_remote_hotspot_id04,cost_prioritized,uav_1,1,0,0,900.0,900.0,False,True
RH_M,mechanism_50_4_remote_hotspot_id04,cost_prioritized,uav_1,1,1,49,1026.1142627259278,962.9206203970325,False,False
RH_M,mechanism_50_4_remote_hotspot_id04,cost_prioritized,uav_1,1,2,48,1088.477766190888,912.4379609228727,False,False
RH_M,mechanism_50_4_remote_hotspot_id04,cost_prioritized,uav_1,1,3,11,1298.814379853602,885.5711085034795,False,False
RH_M,mechanism_50_4_remote_hotspot_id04,cost_prioritized,uav_1,1,4,41,1323.2272795058987,923.6612049185455,False,False
RH_M,mechanism_50_4_remote_hotspot_id04,cost_prioritized,uav_1,1,5,7,1410.6364262535851,914.5699930177416,False,False
RH_M,mechanism_50_4_remote_hotspot_id04,cost_prioritized,uav_1,1,6,20,1534.2028413980704,849.2145498860802,False,False
RH_M,mechanism_50_4_remote_hotspot_id04,cost_prioritized,uav_1,1,7,12,1566.337138159195,827.49624984244,False,False
RH_M,mechanism_50_4_remote_hotspot_id04,cost_prioritized,uav_1,1,8,21,1661.8192088854355,835.2440130296675,False,False
RH_M,mechanism_50_4_remote_hotspot_id04,cost_prioritized,uav_1,1,9,22,1680.5641135082317,903.4247681701374,True,False
RH_M,mechanism_50_4_remote_hotspot_id04,cost_prioritized,uav_1,1,10,3,1800.0,888.0499191353896,False,False
RH_M,mechanism_50_4_remote_hotspot_id04,cost_prioritized,uav_1,1,11,14,1517.8238205503842,799.1800494702525,False,False
RH_M,mechanism_50_4_remote_hotspot_id04,cost_prioritized,uav_1,1,12,17,1259.4313220524496,592.4742720207907,False,False
RH_M,mechanism_50_4_remote_hotspot_id04,cost_prioritized,uav_1,1,13,0,900.0,900.0,False,True
RH_M,mechanism_50_4_remote_hotspot_id04,cost_prioritized,uav_2,1,0,0,900.0,900.0,False,True
RH_M,mechanism_50_4_remote_hotspot_id04,cost_prioritized,uav_2,1,1,47,784.8555866071,822.4133774846033,False,False
RH_M,mechanism_50_4_remote_hotspot_id04,cost_prioritized,uav_2,1,2,50,822.1154240707504,757.4207249078532,False,False
RH_M,mechanism_50_4_remote_hotspot_id04,cost_prioritized,uav_2,1,3,42,673.1423198273571,820.8972071953629,False,False
RH_M,mechanism_50_4_remote_hotspot_id04,cost_prioritized,uav_2,1,4,38,541.9503551491603,683.2647568365148,True,False
RH_M,mechanism_50_4_remote_hotspot_id04,cost_prioritized,uav_2,1,5,43,535.903047426233,715.5986965952045,True,False
RH_M,mechanism_50_4_remote_hotspot_id04,cost_prioritized,uav_2,1,6,24,379.8232327060565,871.1561795904812,True,False
RH_M,mechanism_50_4_remote_hotspot_id04,cost_prioritized,uav_2,1,7,25,292.0138587016778,813.7319396307927,False,False
RH_M,mechanism_50_4_remote_hotspot_id04,cost_prioritized,uav_2,1,8,36,157.56459862997198,749.9342461503678,False,False
RH_M,mechanism_50_4_remote_hotspot_id04,cost_prioritized,uav_2,1,9,26,142.16375307866653,918.9945803593134,False,False
RH_M,mechanism_50_4_remote_hotspot_id04,cost_prioritized,uav_2,1,10,33,475.41948628813856,1017.0886945774602,False,False
RH_M,mechanism_50_4_remote_hotspot_id04,cost_prioritized,uav_2,1,11,45,644.3380719825517,961.2976368848044,False,False
RH_M,mechanism_50_4_remote_hotspot_id04,cost_prioritized,uav_2,1,12,34,619.8125128264422,886.0524049261893,False,False
RH_M,mechanism_50_4_remote_hotspot_id04,cost_prioritized,uav_2,1,13,44,688.6386836837077,892.5915826407148,False,False
RH_M,mechanism_50_4_remote_hotspot_id04,cost_prioritized,uav_2,1,14,0,900.0,900.0,False,True
RH_M,mechanism_50_4_remote_hotspot_id04,cost_prioritized,uav_3,1,0,0,900.0,900.0,False,True
RH_M,mechanism_50_4_remote_hotspot_id04,cost_prioritized,uav_3,1,1,29,367.41116168730025,686.3469330661027,False,False
RH_M,mechanism_50_4_remote_hotspot_id04,cost_prioritized,uav_3,1,2,28,253.9179555352034,710.9883622463454,False,False
RH_M,mechanism_50_4_remote_hotspot_id04,cost_prioritized,uav_3,1,3,40,224.2172002109515,611.4206837976568,False,False
RH_M,mechanism_50_4_remote_hotspot_id04,cost_prioritized,uav_3,1,4,23,165.63595732761794,526.1971380281325,False,False
RH_M,mechanism_50_4_remote_hotspot_id04,cost_prioritized,uav_3,1,5,39,267.72420461978464,437.21758702660844,True,False
RH_M,mechanism_50_4_remote_hotspot_id04,cost_prioritized,uav_3,1,6,37,2.9518635666501862,668.1094471052899,False,False
RH_M,mechanism_50_4_remote_hotspot_id04,cost_prioritized,uav_3,1,7,27,84.07377941531726,765.4326334579699,False,False
RH_M,mechanism_50_4_remote_hotspot_id04,cost_prioritized,uav_3,1,8,35,71.54138304735183,822.9128030075276,True,False
RH_M,mechanism_50_4_remote_hotspot_id04,cost_prioritized,uav_3,1,9,30,0.0,857.1256143650813,True,False
RH_M,mechanism_50_4_remote_hotspot_id04,cost_prioritized,uav_3,1,10,31,178.42833314129115,854.4591990824683,False,False
RH_M,mechanism_50_4_remote_hotspot_id04,cost_prioritized,uav_3,1,11,32,253.43550705182003,877.3149081358886,False,False
RH_M,mechanism_50_4_remote_hotspot_id04,cost_prioritized,uav_3,1,12,46,313.28956446547596,775.022182527671,False,False
RH_M,mechanism_50_4_remote_hotspot_id04,cost_prioritized,uav_3,1,13,0,900.0,900.0,False,True
RH_M,mechanism_50_4_remote_hotspot_id04,cost_prioritized,uav_4,1,0,0,900.0,900.0,False,True
RH_M,mechanism_50_4_remote_hotspot_id04,cost_prioritized,uav_4,1,1,19,1600.4925060639293,964.8888056386882,False,False
RH_M,mechanism_50_4_remote_hotspot_id04,cost_prioritized,uav_4,1,2,16,1559.3043566680578,984.7823777060025,True,False
RH_M,mechanism_50_4_remote_hotspot_id04,cost_prioritized,uav_4,1,3,10,1690.2645463189806,940.0959245828966,False,False
RH_M,mechanism_50_4_remote_hotspot_id04,cost_prioritized,uav_4,1,4,1,1728.2716747975148,993.2819854422802,True,False
RH_M,mechanism_50_4_remote_hotspot_id04,cost_prioritized,uav_4,1,5,6,1800.0,921.4091303875477,False,False
RH_M,mechanism_50_4_remote_hotspot_id04,cost_prioritized,uav_4,1,6,2,1762.0589802795912,866.0442570126568,False,False
RH_M,mechanism_50_4_remote_hotspot_id04,cost_prioritized,uav_4,1,7,15,1800.0,1066.6696064328135,False,False
RH_M,mechanism_50_4_remote_hotspot_id04,cost_prioritized,uav_4,1,8,8,1800.0,1123.9215068147614,False,False
RH_M,mechanism_50_4_remote_hotspot_id04,cost_prioritized,uav_4,1,9,13,1685.0421221677293,1126.8397240421884,False,False
RH_M,mechanism_50_4_remote_hotspot_id04,cost_prioritized,uav_4,1,10,9,1699.7645847107724,1103.774795550919,False,False
RH_M,mechanism_50_4_remote_hotspot_id04,cost_prioritized,uav_4,1,11,18,1712.8677015057083,1078.711531372778,True,False
RH_M,mechanism_50_4_remote_hotspot_id04,cost_prioritized,uav_4,1,12,5,1622.3633399660605,1111.6689410532915,False,False
RH_M,mechanism_50_4_remote_hotspot_id04,cost_prioritized,uav_4,1,13,4,1469.1887101484772,1081.541636028583,False,False
RH_M,mechanism_50_4_remote_hotspot_id04,cost_prioritized,uav_4,1,14,0,900.0,900.0,False,True
RH_M,mechanism_50_4_remote_hotspot_id04,quality_prioritized,uav_1,1,0,0,900.0,900.0,False,True
RH_M,mechanism_50_4_remote_hotspot_id04,quality_prioritized,uav_1,1,1,25,292.0138587016778,813.7319396307927,False,False
RH_M,mechanism_50_4_remote_hotspot_id04,quality_prioritized,uav_1,1,2,27,84.07377941531726,765.4326334579699,False,False
RH_M,mechanism_50_4_remote_hotspot_id04,quality_prioritized,uav_1,1,3,28,253.9179555352034,710.9883622463454,False,False
RH_M,mechanism_50_4_remote_hotspot_id04,quality_prioritized,uav_1,1,4,46,313.28956446547596,775.022182527671,False,False
RH_M,mechanism_50_4_remote_hotspot_id04,quality_prioritized,uav_1,1,5,50,822.1154240707504,757.4207249078532,False,False
RH_M,mechanism_50_4_remote_hotspot_id04,quality_prioritized,uav_1,1,6,47,784.8555866071,822.4133774846033,False,False
RH_M,mechanism_50_4_remote_hotspot_id04,quality_prioritized,uav_1,1,7,44,688.6386836837077,892.5915826407148,False,False
RH_M,mechanism_50_4_remote_hotspot_id04,quality_prioritized,uav_1,1,8,33,475.41948628813856,1017.0886945774602,False,False
RH_M,mechanism_50_4_remote_hotspot_id04,quality_prioritized,uav_1,1,9,26,142.16375307866653,918.9945803593134,False,False
RH_M,mechanism_50_4_remote_hotspot_id04,quality_prioritized,uav_1,1,10,38,541.9503551491603,683.2647568365148,True,False
RH_M,mechanism_50_4_remote_hotspot_id04,quality_prioritized,uav_1,1,11,43,535.903047426233,715.5986965952045,True,False
RH_M,mechanism_50_4_remote_hotspot_id04,quality_prioritized,uav_1,1,12,0,900.0,900.0,False,True
RH_M,mechanism_50_4_remote_hotspot_id04,quality_prioritized,uav_1,2,0,0,900.0,900.0,False,True
RH_M,mechanism_50_4_remote_hotspot_id04,quality_prioritized,uav_1,2,1,31,178.42833314129115,854.4591990824683,False,False
RH_M,mechanism_50_4_remote_hotspot_id04,quality_prioritized,uav_1,2,2,35,71.54138304735183,822.9128030075276,True,False
RH_M,mechanism_50_4_remote_hotspot_id04,quality_prioritized,uav_1,2,3,37,2.9518635666501862,668.1094471052899,False,False
RH_M,mechanism_50_4_remote_hotspot_id04,quality_prioritized,uav_1,2,4,23,165.63595732761794,526.1971380281325,False,False
RH_M,mechanism_50_4_remote_hotspot_id04,quality_prioritized,uav_1,2,5,40,224.2172002109515,611.4206837976568,False,False
RH_M,mechanism_50_4_remote_hotspot_id04,quality_prioritized,uav_1,2,6,0,900.0,900.0,False,True
RH_M,mechanism_50_4_remote_hotspot_id04,quality_prioritized,uav_2,1,0,0,900.0,900.0,False,True
RH_M,mechanism_50_4_remote_hotspot_id04,quality_prioritized,uav_2,1,1,20,1534.2028413980704,849.2145498860802,False,False
RH_M,mechanism_50_4_remote_hotspot_id04,quality_prioritized,uav_2,1,2,14,1517.8238205503842,799.1800494702525,False,False
RH_M,mechanism_50_4_remote_hotspot_id04,quality_prioritized,uav_2,1,3,21,1661.8192088854355,835.2440130296675,False,False
RH_M,mechanism_50_4_remote_hotspot_id04,quality_prioritized,uav_2,1,4,3,1800.0,888.0499191353896,False,False
RH_M,mechanism_50_4_remote_hotspot_id04,quality_prioritized,uav_2,1,5,16,1559.3043566680578,984.7823777060025,True,False
RH_M,mechanism_50_4_remote_hotspot_id04,quality_prioritized,uav_2,1,6,11,1298.814379853602,885.5711085034795,False,False
RH_M,mechanism_50_4_remote_hotspot_id04,quality_prioritized,uav_2,1,7,15,1800.0,1066.6696064328135,False,False
RH_M,mechanism_50_4_remote_hotspot_id04,quality_prioritized,uav_2,1,8,5,1622.3633399660605,1111.6689410532915,False,False
RH_M,mechanism_50_4_remote_hotspot_id04,quality_prioritized,uav_2,1,9,22,1680.5641135082317,903.4247681701374,True,False
RH_M,mechanism_50_4_remote_hotspot_id04,quality_prioritized,uav_2,1,10,7,1410.6364262535851,914.5699930177416,False,False
RH_M,mechanism_50_4_remote_hotspot_id04,quality_prioritized,uav_2,1,11,49,1026.1142627259278,962.9206203970325,False,False
RH_M,mechanism_50_4_remote_hotspot_id04,quality_prioritized,uav_2,1,12,0,900.0,900.0,False,True
RH_M,mechanism_50_4_remote_hotspot_id04,quality_prioritized,uav_2,2,0,0,900.0,900.0,False,True
RH_M,mechanism_50_4_remote_hotspot_id04,quality_prioritized,uav_2,2,1,32,253.43550705182003,877.3149081358886,False,False
RH_M,mechanism_50_4_remote_hotspot_id04,quality_prioritized,uav_2,2,2,30,0.0,857.1256143650813,True,False
RH_M,mechanism_50_4_remote_hotspot_id04,quality_prioritized,uav_2,2,3,0,900.0,900.0,False,True
RH_M,mechanism_50_4_remote_hotspot_id04,quality_prioritized,uav_3,1,0,0,900.0,900.0,False,True
RH_M,mechanism_50_4_remote_hotspot_id04,quality_prioritized,uav_3,1,1,13,1685.0421221677293,1126.8397240421884,False,False
RH_M,mechanism_50_4_remote_hotspot_id04,quality_prioritized,uav_3,1,2,24,379.8232327060565,871.1561795904812,True,False
RH_M,mechanism_50_4_remote_hotspot_id04,quality_prioritized,uav_3,1,3,36,157.56459862997198,749.9342461503678,False,False
RH_M,mechanism_50_4_remote_hotspot_id04,quality_prioritized,uav_3,1,4,0,900.0,900.0,False,True
RH_M,mechanism_50_4_remote_hotspot_id04,quality_prioritized,uav_3,2,0,0,900.0,900.0,False,True
RH_M,mechanism_50_4_remote_hotspot_id04,quality_prioritized,uav_3,2,1,6,1800.0,921.4091303875477,False,False
RH_M,mechanism_50_4_remote_hotspot_id04,quality_prioritized,uav_3,2,2,2,1762.0589802795912,866.0442570126568,False,False
RH_M,mechanism_50_4_remote_hotspot_id04,quality_prioritized,uav_3,2,3,9,1699.7645847107724,1103.774795550919,False,False
RH_M,mechanism_50_4_remote_hotspot_id04,quality_prioritized,uav_3,2,4,18,1712.8677015057083,1078.711531372778,True,False
RH_M,mechanism_50_4_remote_hotspot_id04,quality_prioritized,uav_3,2,5,8,1800.0,1123.9215068147614,False,False
RH_M,mechanism_50_4_remote_hotspot_id04,quality_prioritized,uav_3,2,6,4,1469.1887101484772,1081.541636028583,False,False
RH_M,mechanism_50_4_remote_hotspot_id04,quality_prioritized,uav_3,2,7,17,1259.4313220524496,592.4742720207907,False,False
RH_M,mechanism_50_4_remote_hotspot_id04,quality_prioritized,uav_3,2,8,45,644.3380719825517,961.2976368848044,False,False
RH_M,mechanism_50_4_remote_hotspot_id04,quality_prioritized,uav_3,2,9,0,900.0,900.0,False,True
RH_M,mechanism_50_4_remote_hotspot_id04,quality_prioritized,uav_4,1,0,0,900.0,900.0,False,True
RH_M,mechanism_50_4_remote_hotspot_id04,quality_prioritized,uav_4,1,1,12,1566.337138159195,827.49624984244,False,False
RH_M,mechanism_50_4_remote_hotspot_id04,quality_prioritized,uav_4,1,2,19,1600.4925060639293,964.8888056386882,False,False
RH_M,mechanism_50_4_remote_hotspot_id04,quality_prioritized,uav_4,1,3,10,1690.2645463189806,940.0959245828966,False,False
RH_M,mechanism_50_4_remote_hotspot_id04,quality_prioritized,uav_4,1,4,1,1728.2716747975148,993.2819854422802,True,False
RH_M,mechanism_50_4_remote_hotspot_id04,quality_prioritized,uav_4,1,5,42,673.1423198273571,820.8972071953629,False,False
RH_M,mechanism_50_4_remote_hotspot_id04,quality_prioritized,uav_4,1,6,41,1323.2272795058987,923.6612049185455,False,False
RH_M,mechanism_50_4_remote_hotspot_id04,quality_prioritized,uav_4,1,7,48,1088.477766190888,912.4379609228727,False,False
RH_M,mechanism_50_4_remote_hotspot_id04,quality_prioritized,uav_4,1,8,34,619.8125128264422,886.0524049261893,False,False
RH_M,mechanism_50_4_remote_hotspot_id04,quality_prioritized,uav_4,1,9,0,900.0,900.0,False,True
RH_M,mechanism_50_4_remote_hotspot_id04,quality_prioritized,uav_4,2,0,0,900.0,900.0,False,True
RH_M,mechanism_50_4_remote_hotspot_id04,quality_prioritized,uav_4,2,1,39,267.72420461978464,437.21758702660844,True,False
RH_M,mechanism_50_4_remote_hotspot_id04,quality_prioritized,uav_4,2,2,29,367.41116168730025,686.3469330661027,False,False
RH_M,mechanism_50_4_remote_hotspot_id04,quality_prioritized,uav_4,2,3,0,900.0,900.0,False,True
RH_M,mechanism_50_4_remote_hotspot_id04,balanced,uav_1,1,0,0,900.0,900.0,False,True
RH_M,mechanism_50_4_remote_hotspot_id04,balanced,uav_1,1,1,48,1088.477766190888,912.4379609228727,False,False
RH_M,mechanism_50_4_remote_hotspot_id04,balanced,uav_1,1,2,45,644.3380719825517,961.2976368848044,False,False
RH_M,mechanism_50_4_remote_hotspot_id04,balanced,uav_1,1,3,34,619.8125128264422,886.0524049261893,False,False
RH_M,mechanism_50_4_remote_hotspot_id04,balanced,uav_1,1,4,44,688.6386836837077,892.5915826407148,False,False
RH_M,mechanism_50_4_remote_hotspot_id04,balanced,uav_1,1,5,33,475.41948628813856,1017.0886945774602,False,False
RH_M,mechanism_50_4_remote_hotspot_id04,balanced,uav_1,1,6,32,253.43550705182003,877.3149081358886,False,False
RH_M,mechanism_50_4_remote_hotspot_id04,balanced,uav_1,1,7,0,900.0,900.0,False,True
RH_M,mechanism_50_4_remote_hotspot_id04,balanced,uav_2,1,0,0,900.0,900.0,False,True
RH_M,mechanism_50_4_remote_hotspot_id04,balanced,uav_2,1,1,17,1259.4313220524496,592.4742720207907,False,False
RH_M,mechanism_50_4_remote_hotspot_id04,balanced,uav_2,1,2,50,822.1154240707504,757.4207249078532,False,False
RH_M,mechanism_50_4_remote_hotspot_id04,balanced,uav_2,1,3,42,673.1423198273571,820.8972071953629,False,False
RH_M,mechanism_50_4_remote_hotspot_id04,balanced,uav_2,1,4,47,784.8555866071,822.4133774846033,False,False
RH_M,mechanism_50_4_remote_hotspot_id04,balanced,uav_2,1,5,7,1410.6364262535851,914.5699930177416,False,False
RH_M,mechanism_50_4_remote_hotspot_id04,balanced,uav_2,1,6,41,1323.2272795058987,923.6612049185455,False,False
RH_M,mechanism_50_4_remote_hotspot_id04,balanced,uav_2,1,7,14,1517.8238205503842,799.1800494702525,False,False
RH_M,mechanism_50_4_remote_hotspot_id04,balanced,uav_2,1,8,22,1680.5641135082317,903.4247681701374,True,False
RH_M,mechanism_50_4_remote_hotspot_id04,balanced,uav_2,1,9,49,1026.1142627259278,962.9206203970325,False,False
RH_M,mechanism_50_4_remote_hotspot_id04,balanced,uav_2,1,10,0,900.0,900.0,False,True
RH_M,mechanism_50_4_remote_hotspot_id04,balanced,uav_3,1,0,0,900.0,900.0,False,True
RH_M,mechanism_50_4_remote_hotspot_id04,balanced,uav_3,1,1,24,379.8232327060565,871.1561795904812,True,False
RH_M,mechanism_50_4_remote_hotspot_id04,balanced,uav_3,1,2,26,142.16375307866653,918.9945803593134,False,False
RH_M,mechanism_50_4_remote_hotspot_id04,balanced,uav_3,1,3,30,0.0,857.1256143650813,True,False
RH_M,mechanism_50_4_remote_hotspot_id04,balanced,uav_3,1,4,35,71.54138304735183,822.9128030075276,True,False
RH_M,mechanism_50_4_remote_hotspot_id04,balanced,uav_3,1,5,31,178.42833314129115,854.4591990824683,False,False
RH_M,mechanism_50_4_remote_hotspot_id04,balanced,uav_3,1,6,37,2.9518635666501862,668.1094471052899,False,False
RH_M,mechanism_50_4_remote_hotspot_id04,balanced,uav_3,1,7,23,165.63595732761794,526.1971380281325,False,False
RH_M,mechanism_50_4_remote_hotspot_id04,balanced,uav_3,1,8,39,267.72420461978464,437.21758702660844,True,False
RH_M,mechanism_50_4_remote_hotspot_id04,balanced,uav_3,1,9,40,224.2172002109515,611.4206837976568,False,False
RH_M,mechanism_50_4_remote_hotspot_id04,balanced,uav_3,1,10,29,367.41116168730025,686.3469330661027,False,False
RH_M,mechanism_50_4_remote_hotspot_id04,balanced,uav_3,1,11,28,253.9179555352034,710.9883622463454,False,False
RH_M,mechanism_50_4_remote_hotspot_id04,balanced,uav_3,1,12,25,292.0138587016778,813.7319396307927,False,False
RH_M,mechanism_50_4_remote_hotspot_id04,balanced,uav_3,1,13,27,84.07377941531726,765.4326334579699,False,False
RH_M,mechanism_50_4_remote_hotspot_id04,balanced,uav_3,1,14,36,157.56459862997198,749.9342461503678,False,False
RH_M,mechanism_50_4_remote_hotspot_id04,balanced,uav_3,1,15,46,313.28956446547596,775.022182527671,False,False
RH_M,mechanism_50_4_remote_hotspot_id04,balanced,uav_3,1,16,43,535.903047426233,715.5986965952045,True,False
RH_M,mechanism_50_4_remote_hotspot_id04,balanced,uav_3,1,17,38,541.9503551491603,683.2647568365148,True,False
RH_M,mechanism_50_4_remote_hotspot_id04,balanced,uav_3,1,18,0,900.0,900.0,False,True
RH_M,mechanism_50_4_remote_hotspot_id04,balanced,uav_4,1,0,0,900.0,900.0,False,True
RH_M,mechanism_50_4_remote_hotspot_id04,balanced,uav_4,1,1,11,1298.814379853602,885.5711085034795,False,False
RH_M,mechanism_50_4_remote_hotspot_id04,balanced,uav_4,1,2,16,1559.3043566680578,984.7823777060025,True,False
RH_M,mechanism_50_4_remote_hotspot_id04,balanced,uav_4,1,3,1,1728.2716747975148,993.2819854422802,True,False
RH_M,mechanism_50_4_remote_hotspot_id04,balanced,uav_4,1,4,19,1600.4925060639293,964.8888056386882,False,False
RH_M,mechanism_50_4_remote_hotspot_id04,balanced,uav_4,1,5,10,1690.2645463189806,940.0959245828966,False,False
RH_M,mechanism_50_4_remote_hotspot_id04,balanced,uav_4,1,6,6,1800.0,921.4091303875477,False,False
RH_M,mechanism_50_4_remote_hotspot_id04,balanced,uav_4,1,7,2,1762.0589802795912,866.0442570126568,False,False
RH_M,mechanism_50_4_remote_hotspot_id04,balanced,uav_4,1,8,3,1800.0,888.0499191353896,False,False
RH_M,mechanism_50_4_remote_hotspot_id04,balanced,uav_4,1,9,21,1661.8192088854355,835.2440130296675,False,False
RH_M,mechanism_50_4_remote_hotspot_id04,balanced,uav_4,1,10,12,1566.337138159195,827.49624984244,False,False
RH_M,mechanism_50_4_remote_hotspot_id04,balanced,uav_4,1,11,20,1534.2028413980704,849.2145498860802,False,False
RH_M,mechanism_50_4_remote_hotspot_id04,balanced,uav_4,1,12,15,1800.0,1066.6696064328135,False,False
RH_M,mechanism_50_4_remote_hotspot_id04,balanced,uav_4,1,13,8,1800.0,1123.9215068147614,False,False
RH_M,mechanism_50_4_remote_hotspot_id04,balanced,uav_4,1,14,13,1685.0421221677293,1126.8397240421884,False,False
RH_M,mechanism_50_4_remote_hotspot_id04,balanced,uav_4,1,15,9,1699.7645847107724,1103.774795550919,False,False
RH_M,mechanism_50_4_remote_hotspot_id04,balanced,uav_4,1,16,18,1712.8677015057083,1078.711531372778,True,False
RH_M,mechanism_50_4_remote_hotspot_id04,balanced,uav_4,1,17,5,1622.3633399660605,1111.6689410532915,False,False
RH_M,mechanism_50_4_remote_hotspot_id04,balanced,uav_4,1,18,4,1469.1887101484772,1081.541636028583,False,False
RH_M,mechanism_50_4_remote_hotspot_id04,balanced,uav_4,1,19,0,900.0,900.0,False,True
